{"cameraMode":{"drawMode":0,"name":"Shaded","section":"Shading Mode"},"sceneLighting":false,"audioPlay":false,"sceneViewState":{"showFog":true,"showMaterialUpdate":true,"showSkybox":false,"showFlares":true,"showImageEffects":true,"showParticleSystems":true},"in2DMode":false,"pivot":{"x":0.37214046716690066,"y":-0.002775251865386963,"z":-1.4064232110977173},"rotation":{"x":-0.2536872923374176,"y":-0.010455436073243618,"z":0.0025801025331020357,"w":-0.967269778251648},"size":0.5983931422233582,"orthographic":true}