{"cameraMode":{"drawMode":0,"name":"Shaded","section":"Shading Mode"},"sceneLighting":false,"audioPlay":false,"sceneViewState":{"showFog":true,"showMaterialUpdate":true,"showSkybox":false,"showFlares":true,"showImageEffects":true,"showParticleSystems":true},"in2DMode":false,"pivot":{"x":-2.040358543395996,"y":0.027341455221176149,"z":-1.4426054954528809},"rotation":{"x":-0.2536872923374176,"y":-0.010455436073243618,"z":0.0025801025331020357,"w":-0.967269778251648},"size":0.6296924352645874,"orthographic":true}