{"cameraMode":{"drawMode":0,"name":"Shaded","section":"Shading Mode"},"sceneLighting":false,"audioPlay":false,"sceneViewState":{"showFog":true,"showMaterialUpdate":true,"showSkybox":false,"showFlares":true,"showImageEffects":true,"showParticleSystems":true},"in2DMode":false,"pivot":{"x":1.8756399154663087,"y":-1.4504499435424805,"z":-0.5738592147827148},"rotation":{"x":-0.07589049637317658,"y":0.9223148822784424,"z":-0.23629359900951386,"w":-0.2962483763694763},"size":10.0,"orthographic":false}