{"cameraMode":{"drawMode":0,"name":"Shaded","section":"Shading Mode"},"sceneLighting":false,"audioPlay":false,"sceneViewState":{"showFog":true,"showMaterialUpdate":true,"showSkybox":false,"showFlares":true,"showImageEffects":true,"showParticleSystems":true},"in2DMode":false,"pivot":{"x":-0.7039999961853027,"y":0.0,"z":-1.440000057220459},"rotation":{"x":-0.2536872923374176,"y":-0.010455436073243618,"z":0.0025801025331020357,"w":-0.967269778251648},"size":0.6351218819618225,"orthographic":true}