{"cameraMode":{"drawMode":0,"name":"Shaded","section":"Shading Mode"},"sceneLighting":false,"audioPlay":false,"sceneViewState":{"showFog":true,"showMaterialUpdate":true,"showSkybox":false,"showFlares":true,"showImageEffects":true,"showParticleSystems":true},"in2DMode":false,"pivot":{"x":22.04266357421875,"y":-66.45966339111328,"z":-12.876770973205567},"rotation":{"x":0.19530591368675233,"y":0.7749544382095337,"z":-0.2863980233669281,"w":0.5284702181816101},"size":2.207106590270996,"orthographic":false}