{"cameraMode":{"drawMode":0,"name":"Shaded","section":"Shading Mode"},"sceneLighting":false,"audioPlay":false,"sceneViewState":{"showFog":true,"showMaterialUpdate":true,"showSkybox":false,"showFlares":true,"showImageEffects":true,"showParticleSystems":true},"in2DMode":false,"pivot":{"x":1.7366665601730347,"y":-20.576379776000978,"z":-15.522493362426758},"rotation":{"x":-0.0028487825766205789,"y":-0.9959420561790466,"z":0.08325261622667313,"w":-0.034078046679496768},"size":10.335607528686524,"orthographic":false}