{"cameraMode":{"drawMode":0,"name":"Shaded","section":"Shading Mode"},"sceneLighting":false,"audioPlay":false,"sceneViewState":{"showFog":true,"showMaterialUpdate":true,"showSkybox":false,"showFlares":true,"showImageEffects":true,"showParticleSystems":true},"in2DMode":false,"pivot":{"x":949.9249877929688,"y":293.766845703125,"z":-2.024932861328125},"rotation":{"x":-0.012600595131516457,"y":0.00813921820372343,"z":-0.0001167864102171734,"w":-0.9999209046363831},"size":1723.6240234375,"orthographic":false}