{"cameraMode":{"drawMode":0,"name":"Shaded","section":"Shading Mode"},"sceneLighting":false,"audioPlay":false,"sceneViewState":{"showFog":true,"showMaterialUpdate":true,"showSkybox":false,"showFlares":true,"showImageEffects":true,"showParticleSystems":true},"in2DMode":false,"pivot":{"x":0.2813524007797241,"y":1.7997691631317139,"z":-1.8892697095870972},"rotation":{"x":0.0026905371341854336,"y":-0.9334189891815186,"z":0.007000698707997799,"w":0.35871174931526186},"size":0.8286531567573547,"orthographic":true}