{"cameraMode":{"drawMode":0,"name":"Shaded","section":"Shading Mode"},"sceneLighting":false,"audioPlay":false,"sceneViewState":{"showFog":true,"showMaterialUpdate":true,"showSkybox":false,"showFlares":true,"showImageEffects":true,"showParticleSystems":true},"in2DMode":false,"pivot":{"x":-0.9441483020782471,"y":-27.49144172668457,"z":-1.6046334505081177},"rotation":{"x":-0.49800804257392886,"y":-0.5018816590309143,"z":0.5070610046386719,"w":-0.4929823577404022},"size":17.928911209106447,"orthographic":false}