{"cameraMode":{"drawMode":0,"name":"Shaded","section":"Shading Mode"},"sceneLighting":false,"audioPlay":false,"sceneViewState":{"showFog":true,"showMaterialUpdate":true,"showSkybox":false,"showFlares":true,"showImageEffects":true,"showParticleSystems":true},"in2DMode":false,"pivot":{"x":-0.0006000101566314697,"y":0.0011500120162963868,"z":-0.0006000101566314697},"rotation":{"x":-0.012600595131516457,"y":0.00813921820372343,"z":-0.0001167864102171734,"w":-0.9999209046363831},"size":0.867382287979126,"orthographic":false}