{"cameraMode":{"drawMode":0,"name":"Shaded","section":"Shading Mode"},"sceneLighting":false,"audioPlay":false,"sceneViewState":{"showFog":true,"showMaterialUpdate":true,"showSkybox":false,"showFlares":true,"showImageEffects":true,"showParticleSystems":true},"in2DMode":false,"pivot":{"x":5.620340824127197,"y":4.507686614990234,"z":0.3292808532714844},"rotation":{"x":-0.06537895649671555,"y":-0.1623804271221161,"z":0.010699354112148285,"w":-0.9845550656318665},"size":28.979454040527345,"orthographic":true}