{"cameraMode":{"drawMode":0,"name":"Shaded","section":"Shading Mode"},"sceneLighting":false,"audioPlay":false,"sceneViewState":{"showFog":true,"showMaterialUpdate":true,"showSkybox":false,"showFlares":true,"showImageEffects":true,"showParticleSystems":true},"in2DMode":false,"pivot":{"x":-0.09306450933218003,"y":-2.4330363273620607,"z":-0.19695442914962769},"rotation":{"x":0.5262801051139832,"y":-0.020911674946546556,"z":0.012952914461493492,"w":0.8499683141708374},"size":3.902480125427246,"orthographic":false}