{"cameraMode":{"drawMode":0,"name":"Shaded","section":"Shading Mode"},"sceneLighting":false,"audioPlay":false,"sceneViewState":{"showFog":true,"showMaterialUpdate":true,"showSkybox":false,"showFlares":true,"showImageEffects":true,"showParticleSystems":true},"in2DMode":false,"pivot":{"x":0.9763880372047424,"y":-1.1894121170043946,"z":-0.8304986953735352},"rotation":{"x":-0.374367892742157,"y":0.050040747970342639,"z":-0.02024412341415882,"w":-0.9257203340530396},"size":4.851018905639648,"orthographic":false}