{"cameraMode":{"drawMode":0,"name":"Shaded","section":"Shading Mode"},"sceneLighting":false,"audioPlay":false,"sceneViewState":{"showFog":true,"showMaterialUpdate":true,"showSkybox":false,"showFlares":true,"showImageEffects":true,"showParticleSystems":true},"in2DMode":false,"pivot":{"x":1.0604349374771119,"y":-0.7790063619613648,"z":2.4864838123321535},"rotation":{"x":0.021576225757598878,"y":-0.9609963297843933,"z":0.26441681385040285,"w":0.0785968080163002},"size":1.151042103767395,"orthographic":true}