{"cameraMode":{"drawMode":0,"name":"Shaded","section":"Shading Mode"},"sceneLighting":false,"audioPlay":false,"sceneViewState":{"showFog":true,"showMaterialUpdate":true,"showSkybox":false,"showFlares":true,"showImageEffects":true,"showParticleSystems":true},"in2DMode":false,"pivot":{"x":3.8495302200317385,"y":-3.2763214111328127,"z":3.178229331970215},"rotation":{"x":0.23336471617221833,"y":0.42624637484550478,"z":-0.11480751633644104,"w":0.8664207458496094},"size":3.861618757247925,"orthographic":false}