{"cameraMode":{"drawMode":0,"name":"Shaded","section":"Shading Mode"},"sceneLighting":false,"audioPlay":false,"sceneViewState":{"showFog":true,"showMaterialUpdate":true,"showSkybox":false,"showFlares":true,"showImageEffects":true,"showParticleSystems":true},"in2DMode":false,"pivot":{"x":7.018096923828125,"y":2.4078102111816408,"z":18.752853393554689},"rotation":{"x":0.11784761399030686,"y":-0.03844909742474556,"z":0.0045134564861655239,"w":0.9922963976860046},"size":2.497105836868286,"orthographic":true}