{"cameraMode":{"drawMode":0,"name":"Shaded","section":"Shading Mode"},"sceneLighting":false,"audioPlay":false,"sceneViewState":{"showFog":true,"showMaterialUpdate":true,"showSkybox":false,"showFlares":true,"showImageEffects":true,"showParticleSystems":true},"in2DMode":false,"pivot":{"x":1261.4501953125,"y":1037.8970947265625,"z":-2.44073486328125},"rotation":{"x":0.021878616884350778,"y":-0.041339509189128879,"z":-0.000919861369766295,"w":-0.998938798904419},"size":815.7785034179688,"orthographic":false}