{"cameraMode":{"drawMode":0,"name":"Shaded","section":"Shading Mode"},"sceneLighting":false,"audioPlay":false,"sceneViewState":{"showFog":true,"showMaterialUpdate":true,"showSkybox":false,"showFlares":true,"showImageEffects":true,"showParticleSystems":true},"in2DMode":false,"pivot":{"x":6.500003814697266,"y":0.34200000762939455,"z":25.750001907348634},"rotation":{"x":0.26647886633872988,"y":-0.09928824752569199,"z":0.027554631233215333,"w":0.9583377838134766},"size":3.8444223403930666,"orthographic":true}