{"cameraMode":{"drawMode":0,"name":"Shaded","section":"Shading Mode"},"sceneLighting":true,"audioPlay":false,"sceneViewState":{"showFog":true,"showMaterialUpdate":true,"showSkybox":true,"showFlares":true,"showImageEffects":true,"showParticleSystems":true},"in2DMode":false,"pivot":{"x":-3.4588675498962404,"y":-4.642991065979004,"z":8.023055076599121},"rotation":{"x":-0.2888945937156677,"y":0.15847249329090119,"z":-0.04854481667280197,"w":-0.9429214000701904},"size":6.256981372833252,"orthographic":false}